{"cameraMode":{"drawMode":0,"name":"Shaded","section":"Shading Mode"},"sceneLighting":false,"audioPlay":false,"sceneViewState":{"showFog":true,"showMaterialUpdate":true,"showSkybox":false,"showFlares":true,"showImageEffects":true,"showParticleSystems":true,"showVisualEffectGraphs":true,"m_FxEnabled":true},"in2DMode":false,"pivot":{"x":-0.18821418285369874,"y":-2.113077163696289,"z":-0.4589782953262329},"rotation":{"x":0.21594135463237763,"y":0.37553635239601138,"z":-0.09078893065452576,"w":0.8969029188156128},"size":2.4494898319244386,"orthographic":false}