{"cameraMode":{"drawMode":0,"name":"Shaded","section":"Shading Mode"},"sceneLighting":true,"audioPlay":false,"sceneViewState":{"showFog":true,"showMaterialUpdate":true,"showSkybox":true,"showFlares":true,"showImageEffects":true,"showParticleSystems":true},"in2DMode":false,"pivot":{"x":28.568021774291993,"y":16.060161590576173,"z":7.866532325744629},"rotation":{"x":-0.2650838792324066,"y":0.6037377119064331,"z":-0.2218104898929596,"w":-0.718775749206543},"size":2.8578836917877199,"orthographic":false}