{"cameraMode":{"drawMode":0,"name":"Shaded","section":"Shading Mode"},"sceneLighting":true,"audioPlay":false,"sceneViewState":{"showFog":true,"showMaterialUpdate":true,"showSkybox":true,"showFlares":true,"showImageEffects":true,"showParticleSystems":true},"in2DMode":false,"pivot":{"x":45.83381652832031,"y":52.03855895996094,"z":0.49032023549079897},"rotation":{"x":-0.5663617849349976,"y":0.32844215631484988,"z":-0.2612133026123047,"w":-0.7097582817077637},"size":2.8578836917877199,"orthographic":false}