{"cameraMode":{"drawMode":0,"name":"Shaded","section":"Shading Mode"},"sceneLighting":true,"audioPlay":false,"sceneViewState":{"showFog":true,"showMaterialUpdate":true,"showSkybox":true,"showFlares":true,"showImageEffects":true,"showParticleSystems":true},"in2DMode":false,"pivot":{"x":48.29502868652344,"y":22.317930221557618,"z":64.36237335205078},"rotation":{"x":-0.1863132119178772,"y":0.620092511177063,"z":-0.15426377952098847,"w":-0.7468475699424744},"size":6.611999034881592,"orthographic":false}