{"cameraMode":{"drawMode":0,"name":"Shaded","section":"Shading Mode"},"sceneLighting":true,"audioPlay":false,"sceneViewState":{"showFog":true,"showMaterialUpdate":true,"showSkybox":true,"showFlares":true,"showImageEffects":true,"showParticleSystems":true},"in2DMode":false,"pivot":{"x":21.338319778442384,"y":15.563165664672852,"z":25.335674285888673},"rotation":{"x":0.17023885250091554,"y":-0.682831346988678,"z":0.16840800642967225,"w":0.6902356743812561},"size":10.0,"orthographic":false}