{"cameraMode":{"drawMode":0,"name":"Shaded","section":"Shading Mode"},"sceneLighting":true,"audioPlay":false,"sceneViewState":{"showFog":true,"showMaterialUpdate":true,"showSkybox":true,"showFlares":true,"showImageEffects":true,"showParticleSystems":true},"in2DMode":false,"pivot":{"x":18.587804794311525,"y":2.0903279781341554,"z":66.58100891113281},"rotation":{"x":0.20184622704982758,"y":-0.7230812907218933,"z":0.23587824404239655,"w":0.6173476576805115},"size":35.08586120605469,"orthographic":false}